<?xml version="1.0" encoding="UTF-8"?>
<!DOCTYPE mapper PUBLIC "-//mybatis.org//DTD Mapper 3.0//EN" "http://mybatis.org/dtd/mybatis-3-mapper.dtd">
<mapper namespace="com.chenglian.manager.mapper.TAssoNewsMapper">
    <update id="updateAllSort" parameterType="com.chenglian.manager.entity.TAssoNews">
        UPDATE
        t_asso_news t1,
        (SELECT @rownum := @rownum + 1 AS hang, e.id AS id
        FROM (SELECT @rownum := 0) r,
        t_asso_news e
        <where>
            pro_id= #{proId,jdbcType=INTEGER}
            <if test="cityId != null">
                AND city_id = #{cityId,jdbcType=INTEGER}
            </if>
            <if test="cityId == null or cityId &lt;= 0 ">
                AND city_id IS NULL
            </if>
        </where>
        ORDER BY sort,up_time DESC, id DESC) t2
        SET t1.sort = t2.hang
        WHERE t1.id = t2.id
        AND pro_id= #{proId,jdbcType=INTEGER}
        <if test="cityId != null">
            AND city_id = #{cityId,jdbcType=INTEGER}
        </if>
        <if test="cityId == null or cityId &lt;= 0 ">
            AND city_id IS NULL
        </if>
    </update>
</mapper>
