<?xml version="1.0" encoding="UTF-8"?>
<!DOCTYPE mapper PUBLIC "-//mybatis.org//DTD Mapper 3.0//EN" "http://mybatis.org/dtd/mybatis-3-mapper.dtd">
<mapper namespace="com.chenglian.manager.mapper.TBackUserManagerMapper">
    <select id="getBackUserRightToSaveSession" resultType="com.chenglian.manager.entity.TBackUserManagerView">
        select
        u.*,
        d.nvc_department_name,
        r.nvc_permission
        from
        t_back_user_manager u
        inner join t_back_manage d
        on u.i_d_identifier =
        d.i_bm_identifier
        left join t_role_manage r
        on u.i_rm_identifier =
        r.i_rm_identifier
        <where>
            <if test="nvcManagerName != null">and u.nvc_manager_name = #{nvcManagerName}</if>
            <if test="nvcManagerPassword != null">and u.nvc_manager_password = #{nvcManagerPassword}</if>
            <if test="iBumIdentifier != null ">and u.i_bum_identifier = #{iBumIdentifier}</if>
        </where>
        limit 1
    </select>
</mapper>
