<?xml version="1.0" encoding="UTF-8"?>
<!DOCTYPE mapper PUBLIC "-//mybatis.org//DTD Mapper 3.0//EN" "http://mybatis.org/dtd/mybatis-3-mapper.dtd">
<mapper namespace="com.chenglian.manager.mapper.TUserInfoMapper">
    <select id="selectWillChange" resultType="com.chenglian.manager.entity.TUserInfo">
        SELECT *
        FROM ccia.t_user_info t1
        WHERE t1.i_bu_identifier NOT IN
              (SELECT t2.i_bu_identifier
               FROM view_follow_log_enable_in30day_userids t2
               WHERE t1.i_bu_identifier = t2.i_bu_identifier)
    </select>
    <update id="timerSetGGZY">
        UPDATE
            t_user_info t1
        SET t1.i_ri_identifier = #{iRiIdentifier}
        WHERE NOT EXISTS
            (SELECT *
             FROM view_follow_log_enable_in30day_userids t2
             WHERE t1.i_bu_identifier = t2.i_bu_identifier)
    </update>
    <update id="timerSetGGZYForPerson">
        UPDATE
            t_individual_user_info t1
        SET t1.i_ri_identifier = #{iRiIdentifier}
        WHERE NOT EXISTS
            (SELECT *
             FROM view_follow_log_enable_in30day_userids t2
             WHERE t1.i_bu_identifier = t2.i_bu_identifier)
    </update>

    <!--  名录推举  -->
    <select id="countTypeRank" resultType="int">
        SELECT count(*)
        FROM t_user_info
        WHERE sort_type = #{sortType,jdbcType=VARCHAR}
          AND index_sort IS NOT NULL
    </select>
    <update id="updateAllSort">
        UPDATE
            t_user_info t1,
            (SELECT @rownum := @rownum + 1 AS hang, e.i_ui_identifier AS id
             FROM (SELECT @rownum := 0) r,
                  t_user_info e
             WHERE e.is_not_show_front != 1
               AND e.index_sort IS NOT NULL
               AND e.sort_type = #{sortType,jdbcType=INTEGER}
             ORDER BY index_sort, i_ui_identifier DESC) t2
        SET t1.index_sort = t2.hang
        WHERE t1.i_ui_identifier = t2.id
          AND t1.is_not_show_front != 1
          AND t1.index_sort IS NOT NULL
          AND t1.sort_type = #{sortType,jdbcType=INTEGER}
    </update>
</mapper>
