<?xml version="1.0" encoding="UTF-8"?>
<!DOCTYPE mapper PUBLIC "-//mybatis.org//DTD Mapper 3.0//EN" "http://mybatis.org/dtd/mybatis-3-mapper.dtd">
<mapper namespace="com.chenglian.manager.mapper.ViewFollowLogMapper">
    <select id="trackingStatistics" resultType="com.chenglian.manager.entity.TrackingStatistics">
        SELECT
        t1.i_bum_identifier,
        COUNT(*) AS all_num,
        sum(
        CASE
        WHEN t1.is_enable = 1 THEN
        1
        ELSE
        0
        END
        ) AS valid_num,
        SUM(t1.nvc_call_time) AS all_minutes,
        sum(
        CASE
        WHEN t2.i_user_type = 1 THEN
        1
        ELSE
        0
        END
        ) AS personal_num,
        sum(
        CASE
        WHEN t2.i_user_type = 2 THEN
        1
        ELSE
        0
        END
        ) AS company_num,
        sum(
        CASE
        WHEN t2.i_user_type = 2 and  t1.is_enable = 1 THEN
        1
        ELSE
        0
        END
        ) AS valid_company_num,
        sum(
        CASE
        WHEN t2.i_user_type = 1 and t1.is_enable = 1 THEN
        1
        ELSE
        0
        END
        ) AS valid_personal_num
        FROM
        t_follow_log t1
        INNER JOIN t_basic_user t2 ON t1.i_user_identifier = t2.i_bu_identifier
        WHERE
        (
        t1.i_track_type != - 1
        OR t1.i_track_type IS NULL
        )
        <if test="sDate!=null">
            AND t1.dt_follow_time <![CDATA[>=]]> '${sDate}'
        </if>
        <if test="eDate!=null">
            AND t1.dt_follow_time <![CDATA[<=]]> '${eDate}'
        </if>
        <if test="adminId!=null and adminId!=0">
            AND t1.i_bum_identifier = ${adminId}
        </if>
        GROUP BY
        t1.i_bum_identifier ORDER BY SUM(t1.nvc_call_time) desc
    </select>
    <select id="trackingStatisticsByType" resultType="com.chenglian.manager.entity.TrackingStatistics">
        SELECT
        t1.i_track_type,
        COUNT(*) all_num
        FROM
        t_follow_log t1
        WHERE
        (
        t1.i_track_type != - 1
        OR t1.i_track_type IS NULL
        )
        <if test="sDate!=null">
            AND t1.dt_follow_time <![CDATA[>=]]> '${sDate}'
        </if>
        <if test="eDate!=null">
            AND t1.dt_follow_time <![CDATA[<=]]> '${eDate}'
        </if>
        <if test="adminId!=null and adminId!=0">
            AND t1.i_bum_identifier = ${adminId}
        </if>
        GROUP BY
        t1.i_track_type
    </select>
</mapper>
